day,bars,first_hour,last_hour,distinct_hours,mean_close,std_close,min_close,max_close,mean_range,mean_volume,median_volume,max_volume,total_volume,non_2dp_count,even_2dp_count,bc_mean_close,bc_bars,overlap_bars,mean_overlap_diff,std_overlap_diff,max_abs_overlap_diff,daily_mean_diff
2024-08-19,1,5,5,1,75.3,,75.3,75.3,0.0,1.0,1.0,1.0,1.0,0,1,74.7596,1363,1,0.03,,0.03,-0.5404
2024-10-08,54,22,23,2,73.8402,0.0641,73.69,73.94,0.0235,6.4444,4.0,23.0,348.0,0,54,75.039,1375,52,0.0263,0.0084,0.05,1.1988
2024-10-09,156,2,5,4,73.7311,0.1346,73.5,74.17,0.0311,13.1282,11.0,60.0,2048.0,0,156,73.4607,1372,156,0.0266,0.0109,0.09,-0.2704
2024-10-10,178,3,11,7,73.8624,0.1408,73.66,74.31,0.0339,13.6798,12.0,59.0,2435.0,0,178,74.5677,1367,176,0.0282,0.0142,0.11,0.7053
2024-10-25,1,19,19,1,71.78,,71.78,71.78,0.01,9.0,9.0,9.0,9.0,0,1,70.8684,1258,1,0.02,,0.02,-0.9116
2024-10-29,118,15,23,6,67.6804,0.0949,67.38,67.83,0.014,6.3644,6.0,25.0,751.0,0,118,67.564,1367,99,-0.2589,0.0733,0.43,-0.1164
2024-10-30,530,0,23,15,68.4412,0.481,67.53,69.08,0.0281,13.3717,9.0,103.0,7087.0,0,530,68.1447,1370,528,-0.2265,0.3447,1.22,-0.2965
2024-10-31,332,0,7,8,68.9374,0.0884,68.77,69.08,0.0166,6.4639,6.0,33.0,2146.0,0,332,69.3333,1365,331,0.0308,0.0076,0.08,0.3959
2024-11-01,392,8,20,10,70.1328,0.7316,69.3,71.39,0.038,18.2041,14.5,85.0,7136.0,0,392,70.4595,1259,392,0.0277,0.0173,0.16,0.3267
2024-11-05,3,21,21,1,72.0467,0.0153,72.03,72.06,0.01,3.6667,4.0,6.0,11.0,0,3,71.8284,1376,3,0.0267,0.0058,0.03,-0.2183
2024-11-06,425,13,23,10,71.755,0.5034,69.78,72.55,0.0392,19.6588,11.0,115.0,8355.0,0,425,71.3462,1374,424,0.0305,0.0386,0.35,-0.4088
2024-11-07,1142,0,23,23,71.7529,0.4947,70.67,72.83,0.0336,15.1217,10.0,93.0,17269.0,0,1142,71.785,1373,1140,0.0313,0.0233,0.26,0.0321
2024-11-08,1063,0,21,22,71.1817,0.6558,70.03,72.18,0.0316,13.6331,10.0,97.0,14492.0,0,1063,71.2086,1312,1060,0.0299,0.0158,0.2,0.0269
2024-11-10,24,23,23,1,69.9779,0.0305,69.91,70.02,0.0133,3.8333,2.5,11.0,92.0,0,24,70.2913,60,24,0.2833,0.0056,0.29,0.3134
2024-11-11,1117,0,23,23,69.0016,0.8513,67.78,70.2,0.0307,12.6723,9.0,79.0,14155.0,0,1117,69.2081,1376,1116,0.2386,0.0514,0.38,0.2065
2024-11-12,914,0,23,19,68.0329,0.2703,67.63,68.89,0.0281,11.163,8.0,93.0,10203.0,0,914,68.129,1338,894,0.0647,0.0545,0.18,0.0961
2024-11-13,1024,0,23,23,68.0501,0.3309,66.81,68.66,0.0342,16.0488,10.0,95.0,16434.0,0,1024,68.0902,1256,970,0.0268,0.0185,0.19,0.0401
2024-11-14,1107,0,23,23,68.2993,0.362,67.75,69.2,0.0301,13.8627,9.0,154.0,15346.0,0,1107,68.3324,1311,1072,0.0288,0.0155,0.16,0.0331
2024-11-15,384,0,8,9,67.9382,0.2492,67.33,68.39,0.0194,6.1667,5.0,35.0,2368.0,0,384,67.7325,1298,378,0.0303,0.0085,0.07,-0.2057
2024-11-17,34,23,23,1,66.6906,0.0224,66.65,66.74,0.0171,5.2647,4.5,15.0,179.0,0,34,66.7019,58,32,0.0325,0.0072,0.06,0.0113
2024-11-18,1111,0,23,23,67.7411,0.8843,66.64,69.31,0.0314,13.3429,10.0,76.0,14824.0,0,1111,67.8309,1375,1109,0.0292,0.0117,0.21,0.0898
2024-11-19,552,0,18,13,69.1323,0.1341,68.69,69.36,0.0237,10.1232,7.0,66.0,5588.0,0,552,69.1116,1366,552,0.0282,0.0194,0.17,-0.0207
2024-11-20,263,16,23,7,68.9854,0.1504,68.63,69.38,0.0254,9.597,7.0,46.0,2524.0,0,263,69.3193,1358,262,0.0299,0.0083,0.08,0.3339
2024-11-21,1054,0,23,22,69.6024,0.4841,68.84,70.33,0.0236,10.3757,6.0,86.0,10936.0,0,1054,69.6273,1367,1052,0.0296,0.0157,0.2,0.0249
2024-11-22,1271,0,21,22,70.453,0.5072,69.33,71.47,0.0,1.0016,1.0,2.0,1273.0,0,1271,70.4812,1313,1267,0.0313,0.0328,0.2,0.0282
2024-11-24,48,23,23,1,71.2896,0.0435,71.11,71.38,0.0,1.0,1.0,1.0,48.0,0,48,71.3242,59,48,0.0369,0.023,0.14,0.0346
2024-11-25,1339,0,23,23,70.2351,0.8837,68.6,71.38,0.0,1.0,1.0,1.0,1339.0,0,1339,70.2482,1380,1339,0.0282,0.0384,0.28,0.0131
2024-11-26,1321,0,23,23,69.0776,0.3878,68.03,70.19,0.0,1.0008,1.0,2.0,1322.0,0,1321,69.1012,1373,1321,0.0297,0.0432,1.02,0.0236
2024-11-27,1312,0,23,23,68.8096,0.2377,68.16,69.31,0.0,1.0015,1.0,2.0,1314.0,0,1312,68.8369,1366,1309,0.0292,0.0303,0.19,0.0273
2024-11-28,1104,0,23,21,68.7773,0.234,68.25,69.25,0.0,1.0109,1.0,8.0,1116.0,0,1104,68.8038,1204,1096,0.0299,0.0233,0.2,0.0265
2024-11-29,1140,0,19,20,68.8504,0.3624,67.88,69.64,0.0,1.0009,1.0,2.0,1141.0,0,1140,68.884,1171,1140,0.0302,0.0324,0.33,0.0336
2024-12-02,910,4,23,19,68.3643,0.3258,67.71,69.05,0.0316,14.4923,11.0,76.0,13188.0,0,910,68.3715,1370,909,0.0348,0.0147,0.21,0.0072
2024-12-03,1126,0,23,23,68.9847,0.7551,67.88,70.17,0.0291,13.095,9.0,78.0,14745.0,0,1126,69.0118,1360,1119,0.0295,0.01,0.09,0.0271
2024-12-04,1072,0,21,22,69.721,0.5512,68.47,70.47,0.03,13.5308,9.0,163.0,14505.0,0,1072,69.73,1367,1069,0.0288,0.0145,0.18,0.009
2024-12-05,836,5,23,18,68.5672,0.2091,68.0,69.09,0.0328,15.0562,12.0,74.0,12587.0,0,836,68.6084,1363,836,0.0283,0.0239,0.33,0.0412
2024-12-06,894,0,21,21,67.8819,0.3829,67.08,68.45,0.0261,11.5056,10.0,60.0,10286.0,0,894,67.7972,1303,887,0.0304,0.0119,0.14,-0.0847
2024-12-08,55,23,23,1,67.2149,0.0667,67.09,67.3,0.0145,4.4545,4.0,16.0,245.0,0,55,67.2429,58,54,0.0337,0.0056,0.05,0.028
2024-12-09,948,0,19,20,67.9104,0.4512,67.12,68.86,0.0248,11.1951,9.0,66.0,10613.0,0,948,68.0004,1372,948,0.0298,0.0133,0.12,0.09
2024-12-10,920,2,23,20,68.3105,0.3225,67.7,69.02,0.0285,13.0054,10.0,66.0,11965.0,0,920,68.3006,1359,919,0.0288,0.0101,0.1,-0.0099
2024-12-11,741,0,23,16,69.3661,0.6707,68.47,70.5,0.0196,8.0202,6.0,77.0,5943.0,0,741,69.4271,1358,738,0.03,0.0091,0.15,0.061
2024-12-12,764,0,23,17,70.142,0.3527,69.14,70.67,0.0315,14.9987,12.0,88.0,11459.0,0,764,69.9033,1371,763,-0.3866,0.0543,0.55,-0.2387
2024-12-13,660,0,21,15,70.4209,0.5467,69.86,71.38,0.0201,8.1318,6.0,49.0,5367.0,0,660,70.1275,1311,658,-0.3595,0.0893,0.48,-0.2934
2024-12-15,46,23,23,1,70.6565,0.0416,70.58,70.72,0.0154,4.2826,3.0,17.0,197.0,0,46,70.7073,59,46,0.0483,0.0913,0.47,0.0508
2024-12-16,871,0,23,19,70.3891,0.1575,70.07,70.68,0.0226,10.372,7.0,81.0,9034.0,0,871,70.3788,1361,866,0.0342,0.0311,0.47,-0.0103
2024-12-17,1064,0,23,23,69.7724,0.4129,68.83,70.5,0.0265,11.4267,8.0,70.0,12158.0,0,1064,69.8155,1357,1061,0.03,0.0114,0.1,0.0431
2024-12-18,882,0,21,19,70.0337,0.319,69.39,70.75,0.0267,11.2086,9.0,98.0,9886.0,0,882,69.9893,1364,879,0.0293,0.0149,0.18,-0.0444
2025-03-20,144,18,23,4,68.291,0.1327,68.08,68.54,0.0121,4.1458,3.0,17.0,597.0,0,144,67.5545,1370,144,0.0297,0.0091,0.05,-0.7365
2025-03-21,1036,0,20,21,68.1638,0.2147,67.64,68.56,0.0211,8.084,6.0,66.0,8375.0,0,1036,68.1967,1253,1034,0.0343,0.0115,0.12,0.0329
2025-03-23,43,23,23,1,68.3207,0.0357,68.26,68.38,0.0074,2.6512,2.0,9.0,114.0,0,43,68.317,115,42,0.0329,0.0055,0.04,-0.0037
2025-03-24,807,0,23,19,68.4001,0.3425,67.94,69.19,0.023,9.0198,7.0,76.0,7279.0,0,807,68.63,1349,800,0.0308,0.0115,0.23,0.2299
2025-03-25,729,0,15,16,69.2746,0.2135,68.88,69.64,0.0187,7.1235,6.0,41.0,5193.0,0,729,69.2076,1339,727,0.0288,0.0104,0.15,-0.067
2025-03-28,358,14,20,7,69.2539,0.1292,68.94,69.53,0.0238,11.0335,7.0,55.0,3950.0,0,358,69.6591,1256,358,0.0299,0.0177,0.14,0.4052
2025-03-31,307,16,23,6,71.4772,0.0983,71.28,71.78,0.021,8.2638,6.0,35.0,2537.0,0,307,,,,,,,
2025-04-01,1168,0,23,22,71.4382,0.204,71.05,72.02,0.024,9.9675,7.0,70.0,11642.0,0,1168,,,,,,,
2025-04-02,1163,0,23,22,71.1397,0.4973,69.25,72.17,0.0282,10.969,7.0,180.0,12757.0,0,1163,,,,,,,
2025-04-03,1259,0,23,22,68.1908,1.4469,65.97,70.1,0.0453,21.282,18.0,110.0,26794.0,0,1259,,,,,,,
2025-04-04,1190,0,20,21,64.0051,2.0811,60.55,66.85,0.0573,28.5504,13.0,191.0,33975.0,0,1190,,,,,,,
2025-04-06,58,23,23,1,59.7766,0.0863,59.62,59.94,0.0378,9.2931,9.0,22.0,539.0,0,58,,,,,,,
2025-04-07,852,0,14,15,60.2066,0.5901,58.98,63.8,0.0826,40.9202,35.0,222.0,34864.0,0,852,,,,,,,
2025-04-08,734,4,23,15,60.7221,1.0533,57.23,61.67,0.0484,23.752,18.0,121.0,17434.0,0,734,58.5247,596,353,-1.7999,0.317,2.76,-2.1974
2025-04-09,255,0,4,5,57.358,0.301,56.72,57.92,0.072,32.051,29.0,122.0,8173.0,0,255,56.947,882,134,-0.6597,0.1877,0.99,-0.411
2025-04-22,265,16,23,6,63.7706,0.3518,63.4,64.39,0.0278,12.5396,6.0,128.0,3323.0,0,265,60.6391,317,80,-3.005,0.1026,3.24,-3.1315
2025-04-23,1091,0,23,22,63.4769,1.0245,61.65,64.81,0.0387,17.6526,11.0,214.0,19259.0,0,1091,60.3542,407,336,-2.5938,0.4112,3.26,-3.1227
2025-04-24,1039,0,23,22,62.625,0.2604,62.11,63.26,0.0348,14.2291,11.0,77.0,14784.0,0,1039,60.4417,327,269,-2.2606,0.1237,2.53,-2.1833
2025-04-25,1063,0,20,21,62.7927,0.3945,61.8,63.31,0.0333,14.4412,11.0,89.0,15351.0,0,1063,60.5137,292,233,-2.1453,0.1665,2.4,-2.279
2025-04-27,53,23,23,1,63.2617,0.0986,63.05,63.39,0.026,5.0755,5.0,16.0,269.0,0,53,60.9836,28,12,-2.2758,0.0271,2.32,-2.2781
2025-04-28,1099,0,23,22,62.6121,0.5788,61.48,63.48,0.0338,15.8772,11.0,97.0,17449.0,0,1099,60.3758,365,319,-1.9153,0.1956,2.35,-2.2363
2025-04-29,1124,0,23,23,61.0562,0.5441,60.12,62.03,0.0351,16.4279,13.0,87.0,18465.0,0,1124,59.6015,445,385,-1.2488,0.2015,1.78,-1.4547
2025-04-30,1130,0,23,22,59.3264,0.7499,57.91,60.38,0.0406,19.3796,14.0,167.0,21899.0,0,1130,58.1627,459,402,-0.9012,0.2037,1.79,-1.1637
2025-05-01,1098,0,23,22,58.0517,0.6966,56.38,59.35,0.0379,17.1084,12.0,146.0,18785.0,0,1098,57.2829,438,354,-0.7503,0.2497,1.37,-0.7688
2025-05-02,1063,0,20,21,58.9439,0.5603,57.78,59.82,0.0358,14.7658,11.0,117.0,15696.0,0,1063,57.8071,292,236,-0.6981,0.2531,1.33,-1.1368
2025-05-04,54,23,23,1,56.2333,0.1573,55.85,56.48,0.0504,13.6296,12.5,42.0,736.0,0,54,56.5098,61,17,0.4159,0.0518,0.5,0.2765
2025-05-05,1101,0,23,22,56.7713,0.5105,55.77,57.66,0.0368,14.7275,12.0,87.0,16215.0,0,1101,57.0875,350,289,0.1394,0.1289,0.53,0.3162
2025-05-06,1116,0,23,22,58.5943,0.6408,57.0,59.76,0.0351,15.155,12.0,182.0,16913.0,0,1116,58.605,380,311,-0.3694,0.1782,0.71,0.0107
2025-05-07,1120,0,23,22,59.0942,0.7064,57.84,60.17,0.0342,14.1438,11.0,102.0,15841.0,0,1120,58.427,245,207,-0.3686,0.1671,0.81,-0.6672
2025-05-08,1093,0,23,23,59.0582,0.6755,57.98,60.26,0.0309,13.3962,10.0,82.0,14642.0,0,1093,58.882,370,306,-0.5357,0.1956,0.91,-0.1762
2025-05-09,1092,0,20,21,60.5669,0.3923,59.88,61.26,0.0302,12.4908,9.0,73.0,13640.0,0,1092,59.5937,307,263,-1.1334,0.1652,1.45,-0.9732
2025-05-11,43,23,23,1,60.9077,0.037,60.85,60.97,0.0147,4.2558,3.0,15.0,183.0,0,43,59.91,7,1,-1.0,,1.0,-0.9977
2025-05-12,1119,0,23,22,61.7278,0.7202,60.54,63.08,0.0333,13.4799,10.0,94.0,15084.0,0,1119,60.9587,416,362,-1.1682,0.2361,1.62,-0.7691
2025-05-13,1112,0,23,22,62.1652,0.7611,61.21,63.41,0.0267,10.9784,9.0,70.0,12208.0,0,1112,61.504,486,410,-1.2503,0.2389,1.57,-0.6612
2025-05-14,283,0,5,6,62.8889,0.0937,62.74,63.16,0.0152,5.1625,4.0,35.0,1461.0,0,283,61.3499,440,16,-1.3625,0.0433,1.45,-1.539
2025-05-16,26,20,20,1,61.8238,0.0436,61.77,61.9,0.0227,5.0769,4.0,11.0,132.0,0,26,60.3621,219,1,-1.42,,1.42,-1.4617
2025-05-18,48,23,23,1,61.9842,0.0531,61.88,62.08,0.019,4.7917,4.0,14.0,230.0,0,48,60.5005,19,5,-1.302,0.0277,1.33,-1.4837
2025-05-19,1075,0,23,23,61.7674,0.3067,60.98,62.66,0.0297,11.9265,10.0,88.0,12821.0,0,1075,60.3346,233,188,-1.6352,0.2134,2.11,-1.4328
2025-05-20,1157,0,23,22,62.0697,0.3352,61.52,63.55,0.031,11.6292,9.0,118.0,13455.0,0,1157,60.6382,324,259,-1.5337,0.1636,2.03,-1.4315
2025-05-21,1098,0,23,22,62.447,0.6292,61.26,63.24,0.0342,14.0264,11.0,115.0,15401.0,0,1098,60.8116,296,244,-1.5257,0.1955,1.91,-1.6354
2025-05-22,1077,0,23,22,60.9937,0.3747,60.24,61.72,0.0318,12.5227,9.0,76.0,13487.0,0,1077,59.8116,282,234,-1.0376,0.1112,1.24,-1.1821
2025-05-23,1052,0,20,21,61.0536,0.4151,60.05,61.81,0.0349,15.3964,10.0,171.0,16197.0,0,1052,59.8195,277,225,-1.2626,0.1532,1.55,-1.2341
2025-05-25,52,23,23,1,61.9808,0.0596,61.89,62.1,0.0144,3.8846,3.0,18.0,202.0,0,52,60.5562,13,4,-1.385,0.0173,1.4,-1.4246
2025-05-26,965,0,23,20,61.5802,0.1682,61.23,61.98,0.021,7.9233,7.0,50.0,7646.0,0,965,60.1952,66,57,-1.3746,0.05,1.5,-1.385
2025-05-27,1070,0,23,22,61.1713,0.3408,60.3,61.84,0.0277,10.6551,8.0,68.0,11401.0,0,1070,59.7175,296,233,-1.2521,0.1386,1.51,-1.4538
2025-05-28,822,0,15,16,61.3613,0.2828,60.83,62.42,0.0274,10.6873,8.0,65.0,8785.0,0,822,60.2849,318,126,-1.323,0.137,1.64,-1.0764
2025-05-30,1,20,20,1,60.72,,60.72,60.72,0.03,13.0,13.0,13.0,13.0,0,1,58.8174,328,,,,,-1.9026
2025-06-02,2,20,22,2,63.005,0.0212,62.99,63.02,0.005,3.0,3.0,5.0,6.0,0,2,60.2022,439,1,-2.61,,2.61,-2.8028
2025-06-03,335,5,23,10,63.3448,0.2892,62.67,63.73,0.0215,8.391,5.0,116.0,2811.0,0,335,60.8011,277,120,-2.5344,0.0831,2.67,-2.5437
2025-06-04,226,0,4,5,63.2108,0.0595,63.08,63.33,0.0146,5.4956,4.5,37.0,1242.0,0,226,60.5933,384,39,-2.4295,0.019,2.47,-2.6175
2025-06-05,190,17,23,5,63.2912,0.0696,63.13,63.41,0.0184,7.4,5.0,35.0,1406.0,0,190,60.767,379,86,-2.6079,0.0432,2.7,-2.5242
2025-06-06,518,0,20,15,63.3893,0.5556,62.81,64.75,0.019,7.2432,5.0,44.0,3752.0,0,518,61.1077,416,111,-2.8808,0.3256,3.31,-2.2816
2025-06-09,1071,0,23,22,64.7414,0.304,64.17,65.39,0.0229,8.3604,7.0,43.0,8954.0,0,1071,61.5331,421,349,-3.3232,0.1918,3.73,-3.2083
2025-06-10,1088,0,23,22,65.3922,0.3428,64.56,66.22,0.0261,10.2868,8.0,90.0,11192.0,0,1088,61.7389,401,331,-3.776,0.2039,4.12,-3.6533
2025-06-11,340,0,6,7,64.8448,0.1161,64.59,65.08,0.0166,5.9559,5.0,53.0,2025.0,0,340,62.3212,615,17,-3.4747,0.0308,3.52,-2.5236
2025-06-12,132,1,4,4,67.802,0.0772,67.62,67.94,0.0292,10.5758,9.5,55.0,1396.0,0,132,62.8823,702,36,-4.8922,0.0625,5.03,-4.9197
2025-06-13,1,20,20,1,73.15,,73.15,73.15,0.08,26.0,26.0,26.0,26.0,0,1,65.1813,1130,1,-8.59,,8.59,-7.9687
2025-06-16,732,6,20,15,70.2683,0.8541,67.91,72.03,0.0618,26.5997,23.0,167.0,19471.0,0,732,64.5931,699,463,-5.5832,0.5755,7.01,-5.6752
2025-06-18,1030,0,20,21,73.0627,0.4688,71.59,74.17,0.0608,24.1913,20.0,210.0,24917.0,0,1030,66.1051,879,691,-6.9043,0.3137,7.63,-6.9576
2025-11-25,3,8,9,2,58.8033,0.0462,58.75,58.83,0.0033,0.0,0.0,0.0,0.0,0,3,57.6445,643,,,,,-1.1588
2025-12-29,167,19,23,4,57.8756,0.1193,57.72,58.16,0.0113,5.1018,3.0,31.0,852.0,0,167,57.4642,800,87,-0.4247,0.0171,0.46,-0.4114
2025-12-30,804,0,23,21,58.1058,0.1609,57.76,58.44,0.0183,9.2948,8.0,53.0,7473.0,0,804,57.7247,656,361,-0.4204,0.0264,0.51,-0.3811
2025-12-31,200,0,20,8,57.7277,0.233,57.2,58.04,0.0137,6.85,6.0,29.0,1370.0,0,200,57.4708,698,83,-0.3886,0.0277,0.49,-0.2569
2026-01-01,27,23,23,1,57.4881,0.0159,57.46,57.52,0.0111,3.7407,3.0,8.0,101.0,0,27,57.1183,12,5,-0.346,0.0167,0.36,-0.3698
2026-01-02,811,1,21,20,57.2071,0.3393,56.6,57.89,0.0263,14.2762,12.0,78.0,11578.0,0,811,56.8182,687,525,-0.3285,0.0303,0.46,-0.3889
2026-01-04,48,23,23,1,57.0575,0.1042,56.92,57.35,0.0325,13.7917,13.5,60.0,662.0,0,48,56.6969,42,35,-0.342,0.0498,0.47,-0.3606
2026-01-05,876,0,23,19,57.3688,0.4683,56.39,58.45,0.0284,16.6084,14.0,99.0,14549.0,0,876,57.2305,914,558,-0.435,0.0847,0.63,-0.1383
2026-01-06,1053,0,23,22,58.0637,0.4396,56.38,58.81,0.0258,14.3362,11.0,89.0,15096.0,0,1053,57.4148,903,690,-0.5271,0.0855,0.73,-0.6489
2026-01-07,998,0,23,21,56.4014,0.2649,55.87,57.08,0.0276,15.6112,12.0,131.0,15580.0,0,998,56.1504,1077,753,-0.2472,0.0735,0.46,-0.251
2026-01-08,803,0,23,19,56.6745,0.7469,55.96,58.64,0.021,12.7347,11.0,79.0,10226.0,0,803,56.7617,910,440,-0.2675,0.0578,0.42,0.0872
2026-01-09,221,0,21,10,58.557,0.3745,57.99,59.25,0.0184,9.2579,7.0,82.0,2046.0,0,221,58.1936,975,166,-0.4475,0.0593,0.53,-0.3634
2026-01-12,505,0,23,23,59.0083,0.2897,58.33,59.65,0.026,14.5307,10.0,83.0,7338.0,0,505,58.5057,929,338,-0.3963,0.0478,0.59,-0.5026
2026-01-13,492,0,23,23,60.3424,0.5945,59.31,61.13,0.0255,16.689,12.0,114.0,8211.0,0,492,59.7579,947,330,-0.659,0.0949,0.98,-0.5845
2026-01-14,207,0,19,6,61.3386,0.4151,60.6,62.0,0.0292,20.4783,19.0,75.0,4239.0,0,207,60.3822,1069,155,-0.6825,0.0266,0.81,-0.9564
2026-01-22,247,0,23,10,60.314,0.5096,59.39,60.76,0.0189,9.247,7.0,68.0,2284.0,0,247,59.2908,765,74,-0.4974,0.0775,0.62,-1.0232
2026-01-23,469,0,17,12,59.981,0.3369,59.56,61.06,0.0247,14.6205,14.0,64.0,6857.0,0,469,60.0193,830,228,-0.4589,0.0478,0.61,0.0383
2026-02-02,66,5,13,3,61.7123,0.1846,61.45,62.13,0.0629,41.4848,39.5,143.0,2738.0,0,66,61.0237,1174,63,-0.9968,0.0316,1.09,-0.6886
2026-02-06,1,21,21,1,63.48,,63.48,63.48,0.03,19.0,19.0,19.0,19.0,0,1,62.7905,1063,1,-0.66,,0.66,-0.6895
2026-02-08,1,23,23,1,62.62,,62.62,62.62,0.12,55.0,55.0,55.0,55.0,0,1,62.3232,41,1,-0.58,,0.58,-0.2968
2026-02-09,702,0,23,18,63.7685,0.6977,62.74,64.84,0.0283,19.3419,14.0,146.0,13578.0,0,702,63.1365,881,451,-0.6178,0.0542,0.78,-0.632
2026-02-10,362,0,23,14,64.2834,0.1767,63.85,64.63,0.0307,21.4282,14.0,107.0,7757.0,0,362,63.673,885,254,-0.5793,0.0368,0.67,-0.6104
2026-02-11,18,17,17,1,64.8456,0.0615,64.78,64.97,0.0278,22.0556,29.5,47.0,397.0,0,18,64.3098,859,17,-0.5647,0.033,0.64,-0.5358
2026-02-12,894,2,23,21,64.102,0.8318,62.54,65.07,0.0322,22.651,18.0,136.0,20250.0,0,894,63.2595,841,599,-0.5802,0.0439,0.72,-0.8425
2026-02-13,754,0,21,16,62.7836,0.1316,62.38,63.18,0.0255,18.2573,12.0,158.0,13766.0,0,754,62.2653,846,464,-0.5177,0.0331,0.63,-0.5183
2026-02-16,677,2,16,15,62.8313,0.2516,62.34,63.5,0.0231,14.3383,13.0,94.0,9707.0,0,677,62.5669,580,352,-0.3852,0.0273,0.48,-0.2644
2026-02-17,881,1,20,20,62.9287,0.5566,61.78,63.93,0.0256,19.6141,10.0,133.0,17280.0,0,881,62.4211,971,661,-0.3596,0.0499,0.7,-0.5076
2026-02-27,421,7,21,15,66.4328,0.6009,65.54,67.76,0.0224,17.2019,2.0,133.0,7242.0,0,421,66.0435,1056,408,-0.4157,0.0626,0.61,-0.3893
2026-03-01,2,23,23,1,72.355,0.0071,72.35,72.36,0.045,37.0,37.0,73.0,74.0,0,2,71.09,58,2,-1.31,0.0141,1.32,-1.265
2026-03-02,270,0,23,15,70.9189,0.6793,69.36,72.6,0.0387,25.5148,1.0,172.0,6889.0,0,270,70.2158,1337,252,-1.2292,0.2488,1.89,-0.7031
2026-03-03,574,0,23,19,74.0068,1.5751,70.94,77.56,0.0366,24.2038,1.0,276.0,13893.0,0,574,72.2206,1270,519,-2.3517,0.6048,3.69,-1.7862
2026-03-04,1056,0,17,18,75.2058,0.8851,73.36,77.14,0.042,32.0303,1.0,230.0,33824.0,0,1056,72.2813,1310,1013,-2.8934,0.2168,3.83,-2.9245
2026-03-09,458,2,23,20,99.8974,10.1729,82.79,116.5,0.1178,32.8559,1.0,260.0,15048.0,0,458,90.7215,1372,452,-9.9447,2.6262,14.76,-9.1759
2026-03-10,378,0,23,17,85.8993,2.7863,77.23,90.75,0.0848,31.7275,1.0,278.0,11993.0,0,378,81.0595,1358,372,-5.4258,1.049,8.1,-4.8398
2026-03-11,4,0,1,2,83.25,0.4109,83.0,83.86,0.1675,52.25,48.5,111.0,209.0,0,4,82.0496,1364,4,-3.63,0.0616,3.72,-1.2004
2026-03-15,17,23,23,1,97.2488,0.338,96.87,97.95,0.0753,20.0,1.0,68.0,340.0,0,17,93.7744,120,17,-4.4541,0.1576,4.79,-3.4744
2026-03-16,411,0,19,16,96.228,1.7217,92.16,99.06,0.057,27.2141,1.0,207.0,11185.0,0,411,91.4115,1327,392,-4.1945,0.2028,4.69,-4.8165
2026-03-17,250,1,23,21,95.345,0.8733,93.37,97.58,0.0508,26.364,1.5,145.0,6591.0,0,250,91.3499,1332,244,-3.9187,0.2177,4.52,-3.9951
2026-03-18,444,0,23,17,95.2858,2.6019,91.6,99.21,0.0493,24.7027,1.0,183.0,10968.0,0,444,91.8506,1350,430,-3.3993,0.2264,4.39,-3.4352
2026-03-19,393,0,6,7,97.0044,0.9253,95.84,99.02,0.057,26.9491,1.0,154.0,10591.0,0,393,93.2438,1352,380,-3.1241,0.1797,3.74,-3.7606
2026-03-20,1,20,20,1,98.06,,98.06,98.06,0.06,52.0,52.0,52.0,52.0,0,1,92.4343,1258,1,-3.79,,3.79,-5.6257
2026-03-22,118,22,23,2,98.1217,0.5047,97.08,100.13,0.0542,22.7458,1.0,159.0,2684.0,0,118,94.4889,117,115,-3.6543,0.1359,4.36,-3.6328
2026-03-23,550,0,19,13,95.4544,5.1984,86.79,101.58,0.0637,29.3618,1.0,214.0,16149.0,0,550,90.9065,1360,546,-3.1882,0.413,3.91,-4.5479
2026-03-24,1130,4,23,19,90.9838,1.2141,86.72,93.22,0.0606,23.6248,1.0,243.0,26696.0,0,1130,88.3224,1368,1120,-2.663,0.1621,3.57,-2.6614
2026-03-25,1378,0,23,23,88.9618,1.338,86.53,91.39,0.0575,21.5878,3.0,161.0,29748.0,0,1378,86.4621,1347,1345,-2.4646,0.2312,3.25,-2.4997
2026-03-26,1378,0,23,23,93.1302,1.1306,90.65,95.38,0.0439,17.8157,2.0,216.0,24550.0,0,1378,90.1579,1339,1337,-2.9907,0.2443,6.88,-2.9723
2026-03-27,1252,0,20,21,96.197,2.2818,92.45,101.09,0.0506,21.6046,2.0,170.0,27049.0,0,1252,92.3768,1227,1219,-3.8917,0.7755,5.86,-3.8202
2026-03-29,50,23,23,1,102.4202,0.2177,102.07,102.81,0.041,11.8,3.0,65.0,590.0,0,50,96.585,119,50,-5.7304,0.0828,6.1,-5.8352
2026-03-30,671,0,16,15,101.4292,0.5493,99.67,103.33,0.0597,20.9389,3.0,151.0,14050.0,0,671,96.2024,1363,665,-5.8378,0.246,6.76,-5.2268
2026-03-31,1364,0,23,23,102.8058,1.0927,99.86,106.44,0.0657,24.4971,1.0,220.0,33414.0,0,1364,95.6336,1363,1347,-7.2024,0.6801,9.13,-7.1722
2026-04-01,1377,0,23,23,100.1375,1.6402,96.53,103.24,0.053,19.8729,1.0,166.0,27365.0,0,1377,91.6629,1364,1361,-8.4598,0.4218,9.45,-8.4746
2026-04-02,1259,0,20,21,107.759,3.682,97.58,113.51,0.0686,27.4305,1.0,219.0,34535.0,0,1259,96.1294,1257,1256,-11.6436,2.4853,16.04,-11.6296
2026-04-19,37,23,23,1,88.4203,0.1046,88.15,88.58,0.0422,14.4054,2.0,48.0,533.0,0,37,88.1403,120,37,0.0624,0.0529,0.2,-0.28
2026-04-20,689,0,23,14,87.194,0.6984,85.55,88.77,0.0401,14.3295,2.0,162.0,9873.0,0,689,87.2061,1378,688,0.0429,0.0662,0.41,0.0121
2026-04-21,680,1,23,14,89.0779,1.5786,86.39,92.03,0.0457,22.9412,1.0,261.0,15600.0,0,680,87.8929,1377,679,0.0298,0.1317,2.14,-1.185
2026-04-22,27,0,0,1,89.5559,0.4933,88.81,90.46,0.0767,29.2963,2.0,92.0,791.0,0,27,90.8992,1372,27,-0.0067,0.1057,0.37,1.3433
2026-04-23,1146,1,20,20,94.5383,1.0582,92.54,98.26,0.0526,25.1466,1.0,215.0,28818.0,0,1146,94.7222,1376,1146,0.0241,0.1073,1.1,0.1839
2026-04-24,405,5,20,8,94.4425,0.6785,93.03,95.8,0.0471,23.2049,2.0,159.0,9398.0,0,405,95.7608,1260,405,0.0184,0.1111,1.04,1.3183
2026-04-26,119,22,23,2,96.2661,0.1756,95.94,96.62,0.0343,10.5126,4.0,119.0,1251.0,0,119,96.2931,120,119,0.03,0.0529,0.46,0.027
2026-04-27,1369,0,23,23,96.1298,0.5468,94.62,97.44,0.0372,14.0935,3.0,169.0,19294.0,0,1369,96.1544,1372,1362,0.0276,0.0594,0.38,0.0246
2026-04-28,994,0,16,17,98.7196,1.2405,96.25,101.77,0.0405,15.3873,2.0,173.0,15295.0,0,994,98.6828,948,942,0.0288,0.0998,1.37,-0.0368
